{
  "projection_mode": "FRONT_XZ",
  "axis_swapped": false,
  "axis_flip_uv": [
    -1,
    1
  ],
  "topdown_params": {
    "minxy": [
      -28.536623001098633,
      -18.93425178527832
    ],
    "scale": 38.79382516250212,
    "W": 1201,
    "H": 777
  },
  "uv_homography_2x3": [
    [
      -1.0,
      0.0,
      1200.0
    ],
    [
      0.0,
      1.0,
      0.0
    ]
  ],
  "proj_params": {
    "minuv": [
      -28.536623001098633,
      -18.93425178527832
    ],
    "scale": 38.79382516250211,
    "W": 1201,
    "H": 777,
    "axes": [
      0,
      2
    ]
  },
  "affine_M_2x3": [
    [
      1.2729168974588176,
      0.04445123755831005,
      323.19999999999993
    ],
    [
      -0.04445123755831005,
      1.2729168974588176,
      255.11024146544543
    ]
  ],
  "meters_per_floor_px": 0.020238238199122783,
  "camera_yaw_pitch_roll_deg": [
    0.0,
    0.0,
    0.0
  ],
  "flips_xyz": [
    1,
    1,
    1
  ]
}